{
    "keep": {
        "days": true,
        "amount": 14
    },
    "auditLog": "C:\\Users\\USER\\Downloads\\ITSECWB\\Final project\\ProfDex-main\\ProfDex-main\\ProfDex\\logs\\.1c7e73f08306ea9ce2ba46c23cd941193b7f74a0-audit.json",
    "files": [
        {
            "date": 1755093850956,
            "name": "C:\\Users\\USER\\Downloads\\ITSECWB\\Final project\\ProfDex-main\\ProfDex-main\\ProfDex\\logs\\app-2025-08-13.log",
            "hash": "795aca9195bcf0c7b3e9ba4443472825d94f5cbe5e9ab5945be01cc95a745934"
        },
        {
            "date": 1755101142613,
            "name": "C:\\Users\\USER\\Downloads\\ITSECWB\\Final project\\ProfDex-main\\ProfDex-main\\ProfDex\\logs\\app-2025-08-14.log",
            "hash": "07fd81065f07cd84b41df348d9d6b13abca2c4aada6917f3494806f06cc1eece"
        }
    ],
    "hashType": "sha256"
}